pm,value,exposure,severity,arrival,shading,budget,risk,bid
1,7.290849869234961,0.12474728766229692,0.72420681137623,4,0.8,100.0,9.034283542574537,5.832679895387969
2,1.5814129906057794,0.32305185008777115,0.7862498997948286,11,0.8,100.0,25.399948476004408,1.2651303924846236
3,22.90355701029846,0.25098691313558974,0.08138047811828597,17,0.8,100.0,2.0425434992407,18.32284560823877
4,50.56070375700281,0.33612487475201747,0.36690336280592617,9,0.8,100.0,12.332534686923596,40.44856300560225
5,18.482616265991712,0.42340777021817566,0.040531475551740415,10,0.8,100.0,1.716134168701491,14.786093012793371
6,3.6132142806237555,0.8838367712308732,0.8268043541050261,8,0.8,100.0,73.07600907718138,2.8905714244990044
7,37.13502399273712,0.8991381149078936,0.9794898037662436,3,0.8,100.0,88.06966157298828,29.708019194189696
8,76.84152815237626,0.9485866617576089,0.4624014557403807,19,0.8,100.0,43.86278532926265,61.47322252190101
9,85.37367524631301,0.25069446050083477,0.8851669746061723,18,0.8,100.0,22.19064571520505,68.29894019705041
10,12.86122924744384,0.7365758048315965,0.27112758104579826,13,0.8,100.0,19.970601622085276,10.288983397955072
11,74.86997724240679,0.7924279651742826,0.8352561615378513,5,0.8,100.0,66.18803404867214,59.895981793925436
12,70.25123465998415,0.17861794349697557,0.42900003237462203,0,0.8,100.0,7.662710354289093,56.200987727987325
13,71.98385842875724,0.3768697282655069,0.8664575728643789,2,0.8,100.0,32.654163003898915,57.5870867430058
14,71.54785658672647,0.48360702947843504,0.03903060173360995,15,0.8,100.0,1.8875473363146966,57.23828526938118
15,61.17171037621544,0.7707691848859929,0.10909026955928391,1,0.8,100.0,8.40834181472025,48.93736830097235
16,20.108719602276114,0.1748784587746105,0.9302631419161715,12,0.8,100.0,16.268298451312685,16.086975681820892
17,60.15484166585343,0.6838808887257412,0.7499412678394324,14,0.8,100.0,51.28705007421401,48.12387333268275
18,45.11348210018708,0.5498597931092608,0.11766783556124105,16,0.8,100.0,6.470081171731853,36.090785680149665
19,16.320724184316592,0.39975829538016283,0.579051845219457,6,0.8,100.0,23.1480778581668,13.056579347453274
20,87.34316735965443,0.1568208424405142,0.591252750954137,7,0.8,100.0,9.27207544998993,69.87453388772354
